,A,B,C,D
2000-01-01,-1.0740358470755706,0.049075470283891344,-3.002178109232392,0.49203987351067485
2000-01-02,-1.0654896370009599,0.9653685094966661,-2.386863765883727,-0.9597046472991357
2000-01-03,-1.4743105227606486,0.5086466216721237,-1.5180039906254033,-0.7668454748052516
2000-01-04,-1.320908612146533,1.436745202168093,0.4625873130589395,0.099495243869264
2000-01-05,-0.707492254375577,2.0065685503845283,0.8608262783189724,-1.2020809567704738
2000-01-06,-0.1612966369627299,3.6847398888831346,2.1603873470941877,-2.912768980579929
2000-01-07,-0.7534508189534748,4.312410475580016,2.896308935642295,-3.797905635877925
2000-01-08,-2.3794884061467956,5.513054468672541,2.981028972357812,-2.6006835294530264
2000-01-09,-1.7668968741468016,5.151432894114196,3.016120697237733,-2.8236990432396403
2000-01-10,-2.3591951926756467,7.126998176476747,3.8063374975689,-2.774383617676514
2000-01-11,-0.5664125988866802,7.884333116025898,4.28957913933538,-1.9885287311729738
2000-01-12,-1.0764207056102322,6.374274745073754,4.011062757641851,-2.37387336511982
2000-01-13,-2.702307614559155,5.490862262708009,2.2537858130494497,-2.254865136863683
2000-01-14,-1.8210044589701129,6.543468603376377,2.4233386753053976,-2.935409658728077
2000-01-15,-0.9779390302000178,6.017190310402739,2.0932122229885994,-3.1117340040868693
2000-01-16,0.055410591401137466,5.164252514752825,2.1516232178785377,-3.2305781827276854
2000-01-17,-1.7308691950313073,4.581168480468266,2.7417779267986524,-4.635198957988724
2000-01-18,-1.875346098302727,4.927817439618529,3.9526407169506244,-3.1457520014709717
2000-01-19,-2.1846786796819173,4.985623799809804,5.4669047521064575,-3.161037929042104
2000-01-20,-2.946439048391163,5.436148088097935,6.9088208580321115,-3.5690127494194437
2000-01-21,-4.219125043722297,5.783761380061884,6.932646509477836,-2.860663250230554
2000-01-22,-3.053525861532977,6.237813683011388,7.6272810961153015,-2.405691010098445
2000-01-23,-2.842154352208381,5.5697499342787244,8.110816063594427,-2.9947288607419225
2000-01-24,-3.2699393637997387,6.990636716540845,6.64026328999524,-3.1062245932210653
2000-01-25,-3.5773256815402545,6.115013206717586,6.846730339680921,-4.057474837441765
2000-01-26,-2.2765052913238266,7.430197198741516,5.548466366885049,-3.4857708056232632
2000-01-27,-1.5413861471952528,6.713203698729586,4.816792282205554,-2.9542197148478158
2000-01-28,-1.412873944003365,3.973889457161394,4.123752421720545,-4.518579839741517
2000-01-29,-3.774641723454744,4.1756759517755695,7.6317128844003905,-4.577544474963586
2000-01-30,-4.7913692960512595,4.659080562768037,7.537649038906961,-5.236733027265337
2000-01-31,-6.237405527150193,5.187583285915009,6.496747964837487,-5.586139302425862
2000-02-01,-6.67021914332225,3.705504745582739,6.726235940659631,-5.063679743315753
2000-02-02,-4.266352994949681,2.8044201644438678,5.735941347798946,-5.227190839154975
2000-02-03,-3.652457298292246,3.07915127095957,7.430326049712445,-5.252501864948915
2000-02-04,-2.780634647015366,2.98362880770629,7.554800784520224,-5.853507506775613
2000-02-05,-3.6090796990824647,3.231031329381379,7.982790663643713,-5.417609519572597
2000-02-06,-3.436958668553561,1.9176342345650879,8.005384245295927,-7.543794857656241
2000-02-07,-3.692190009671611,2.6429055499986562,8.151893183900476,-7.143435863175971
2000-02-08,-2.13710362124405,2.1049998801676773,8.139567103316457,-6.510968752452959
2000-02-09,-1.987296491005401,2.276745194795126,7.942088871302525,-4.712102410083858
2000-02-10,-1.6404834466520763,1.9593114416674162,8.98499808666674,-4.86556309163723
2000-02-11,-1.1724597718679373,2.8184708947645563,6.81848097221418,-4.708957757877121
2000-02-12,-0.7728079657238925,4.015604788366361,6.293586574470022,-5.364822833024798
2000-02-13,-0.4158192954175137,5.4505800697993525,6.408068163722516,-6.847439386618134
2000-02-14,-0.10829847000587534,5.987018942104916,7.420267122556886,-6.666177792921988
2000-02-15,-0.6748830597809197,6.683720815476136,6.508161417759393,-6.782545564798654
2000-02-16,0.07649836390805265,6.286146567908351,4.471630449451984,-7.750167376995533
2000-02-17,0.0452369193525795,7.816009851343791,5.595825808215212,-8.18911944132478
2000-02-18,0.03916559785584721,8.332550569219958,6.16830692954765,-8.104335502478241
2000-02-19,-0.5088925212521521,8.508166757849075,6.110167775614094,-8.378508944100858
2000-02-20,-0.09198401123620803,6.835981513735787,6.026355488111212,-7.507965945473996
2000-02-21,-0.8424835916376524,7.12768973746379,5.832162945267749,-7.760937528693145
2000-02-22,-0.0413764061711982,6.176958647928206,4.218766244751099,-6.161001062601146
2000-02-23,1.9189823785171911,5.807925803010445,5.8913019582842825,-4.7170995006825684
2000-02-24,2.2226749978450573,4.309101523614316,4.923305197226577,-5.110923805770629
2000-02-25,3.4849652805119824,3.330395208147166,4.099055608995246,-4.988136972696636
2000-02-26,5.0060896348711275,3.204124006207898,4.855632167419582,-5.895759728512832
2000-02-27,4.239852713261063,3.616471712078063,6.533601949367366,-3.84140611876029
2000-02-28,3.9336606627575783,3.286469525413121,7.97381117488837,-3.622102190191434
2000-02-29,2.3553592545455047,3.794991577783345,9.109539691626493,-3.991072911051194
2000-03-01,2.3389083804309605,3.6944740542448553,9.459632664273952,-4.874898101087523
2000-03-02,2.1746899498021195,3.669528106088343,7.092592139942905,-4.558259857695258
2000-03-03,3.1347765587814194,3.855012580200421,8.199843382427085,-4.645684851419243
2000-03-04,4.367344805100389,5.139749720578958,8.971782133512903,-3.2615238829460704
2000-03-05,5.34132695317246,5.114615355612585,9.045216758087834,-2.1350332493004958
2000-03-06,5.224196504342687,6.551989293760956,9.139473670300248,-2.7696361398230462
2000-03-07,4.771679474257117,6.8103789550235065,8.870167578180256,-3.7444380107931714
2000-03-08,4.697491369765526,7.492018861273862,8.610549778010546,-4.076638325197745
2000-03-09,5.158674757992906,9.041422426514714,7.405479095739614,-5.3404305020160105
2000-03-10,4.972909550327087,11.071792597260075,6.816644786287984,-4.930036842960388
2000-03-11,3.7540316635177846,12.010888777144821,7.444318839415605,-4.592472340910304
2000-03-12,4.8852229099725495,12.392949116874531,8.13789576022704,-4.0005071558941685
2000-03-13,5.355887906204543,15.105062542268989,8.03571801804828,-2.726752591635507
2000-03-14,5.902627700854785,13.707536564172695,8.091572849208527,-4.070756281134359
2000-03-15,5.534293060138824,12.973244713731829,7.638452738481952,-5.060915149671292
2000-03-16,5.120321238708584,12.488808045807136,8.422017314111732,-7.0661849231783
2000-03-17,6.278134366636062,13.973368589928675,8.400467225558161,-9.299014097152138
2000-03-18,5.173481330232387,13.36037775404307,7.774957361933281,-9.195696399137097
2000-03-19,4.24054261125136,13.61763720576428,7.653957313275009,-11.128746498541748
2000-03-20,4.3786071638628155,14.442055209925101,7.668619059105888,-11.644682687532887
2000-03-21,3.3571775129426955,14.242365617164458,6.276822710610502,-11.042036308301075
2000-03-22,3.5517987246378055,15.137983076562271,6.781635520944678,-11.141059704628049
2000-03-23,4.318765800888569,15.291728232301953,4.931774531073313,-10.536067781319284
2000-03-24,3.3465665237698152,15.090972630018893,4.355635339318666,-10.826520719212848
2000-03-25,4.029081304587003,15.08631461651774,4.836451047858608,-9.165214296736124
2000-03-26,2.5985881009133145,15.4891957551775,4.287470944147085,-9.754341201166008
2000-03-27,1.9699239429299265,15.016843770664048,4.632260606062466,-12.599758997895695
2000-03-28,1.3312462827178733,15.461734830510565,4.884719508685362,-11.686519041128525
2000-03-29,3.405104706287508,16.25461149830107,4.410680670446645,-10.336753403285073
2000-03-30,2.595487553346424,14.92211824466323,4.5051400359328895,-9.58232407193998
2000-03-31,3.9262271129766635,14.855131051746689,3.476346593002817,-10.936472638161156
2000-04-01,3.2866905810660203,13.978853048893974,1.875504976181068,-12.177472439179184
2000-04-02,3.181933918430803,13.424532347982689,2.7593788867094857,-11.210273176987352
2000-04-03,3.813884830011413,11.34839332293149,2.7752150858258,-10.665168805994062
2000-04-04,4.123606794252826,11.855098683604911,3.825696455509637,-11.4647914346038
2000-04-05,4.29258684786172,12.800391100914988,4.002681464262462,-12.668467104018415
2000-04-06,5.283167149139412,11.631681470251014,4.761439586189084,-12.517112012655621
2000-04-07,7.756433039354333,12.799667217359305,4.027758759998222,-11.9342354074435
2000-04-08,9.128283539980945,12.288351332340284,5.309047882784823,-13.20603442371851
2000-04-09,10.869159763055595,11.225940330029792,3.99967337505319,-14.174345437393495
2000-04-10,10.214582621782483,12.845461772267656,4.980627890262678,-13.567189330214228
2000-04-11,10.702214224762402,14.141342029677915,5.943788710596857,-13.634309987314746
2000-04-12,10.453915229561241,12.712883083921758,6.3349324429759895,-15.054700641173424
2000-04-13,10.019108788207465,12.64499396254055,4.82881834775611,-14.256433473277436
2000-04-14,8.57914825537736,11.867860010566023,4.414571758769187,-14.4108063830159
2000-04-15,6.428976313951587,9.528960766018251,4.339171433972609,-14.032212001796836
2000-04-16,7.1158063377718666,11.192855750277182,5.159862591005855,-13.911610235088157
2000-04-17,5.968736749342094,10.670282933299756,4.73674615546989,-14.854674663579546
2000-04-18,5.70797074167129,11.990869620483409,3.719169342623129,-15.399966223475527
2000-04-19,6.381162605205989,13.629397188953321,5.074909060457415,-14.385800551157205
2000-04-20,5.805795089975187,13.130989683262616,5.746445625027457,-14.953859303260208
2000-04-21,6.301687158009339,14.465546050540679,5.7719746510758565,-16.032918771294938
2000-04-22,7.914145294034496,14.928157443600906,6.938812042676593,-17.826786262408554
2000-04-23,6.304892549058781,13.362186772603398,5.205359986620133,-17.82608995586189
2000-04-24,5.277807062293089,12.7220861948687,5.473537150626685,-16.537492963368795
2000-04-25,5.126558895283998,12.913053700755109,4.991217967588484,-17.134979239405553
2000-04-26,4.680397792516393,13.68049231254876,4.44666306296735,-15.811464764002775
2000-04-27,3.8684722075467306,13.358531195290727,5.710187307169793,-15.067790084212492
2000-04-28,4.026058212587239,14.533071641158058,4.48503236781408,-14.942813509470495
2000-04-29,4.158877149556277,14.326943273767512,6.050230882479254,-14.508545909833577
2000-04-30,3.488356795819567,13.968155696307479,7.590237786191155,-14.658098005748768
2000-05-01,4.190536536157004,16.145455052145554,8.285205735646775,-13.58341430468309
2000-05-02,3.527134402244483,16.82668793281674,6.948477074567014,-13.841372774135875
2000-05-03,3.484139758061429,15.407357230642468,6.4109221458833465,-13.381222351348178
2000-05-04,3.4406569290164546,14.23134871708029,6.844522923400509,-12.157907523133819
2000-05-05,3.401378303602484,14.343063808700176,4.94226613073072,-11.185821636090031
2000-05-06,4.93550365193709,13.379542978891575,5.408869766806973,-10.280955577240206
2000-05-07,4.543398759092858,13.85644129468089,5.300087249341465,-10.653755592361929
2000-05-08,4.6053817966388575,14.05913490922192,4.863995378544242,-8.875401500445847
2000-05-09,7.041521739225692,12.84841657209984,4.497705264308001,-9.038036671096492
2000-05-10,6.915946773961089,13.485601421445914,5.476482009672398,-10.828090301092637
2000-05-11,7.419037377060727,12.66105119377727,4.307060155619636,-11.994050876376
2000-05-12,6.126436239610628,13.280601357150642,4.103572464869525,-9.769265365265776
2000-05-13,4.897144867170633,14.149359038709642,5.057771795975639,-9.91627118130839
2000-05-14,5.70496048949652,14.723470315031856,5.140514616550782,-9.798642924282877
2000-05-15,4.279454539236142,12.025122620823428,4.669008162363849,-7.109686694386583
2000-05-16,4.1034534628113315,10.766252240618135,4.204406689312703,-7.752416648979322
2000-05-17,4.971348078937386,10.856495333054589,4.515671198625196,-6.085326741419523
2000-05-18,5.9940379152694305,10.88173290875635,5.142852293367407,-4.808216122404043
2000-05-19,7.927487209965141,11.08131546587906,7.136833101713912,-4.798985659780439
2000-05-20,7.805941392470015,12.471283021759536,7.394002148625977,-4.077481514927055
2000-05-21,6.993541293328301,14.04815621567562,9.822989782765426,-3.8642699121220945
2000-05-22,5.855364053807891,14.790935246549429,9.181218063534295,-3.671406601807174
2000-05-23,6.112907210980927,14.87295953487415,7.656568713581854,-5.8213610544326455
2000-05-24,6.444763343131397,15.443223617435892,7.979466598888578,-6.3406752339548165
2000-05-25,6.46874495714303,15.269712932820887,7.821188670598437,-8.802178976703757
2000-05-26,5.86359231881284,15.33222317956421,8.415754684172866,-9.78016990054865
2000-05-27,4.767731204804976,14.117614696877293,7.777795852137004,-10.46159377963502
2000-05-28,4.657105886920508,14.704408641910218,8.613474606230806,-10.471717253237978
2000-05-29,4.811601073190291,14.68831175732214,7.938308380962909,-9.5109269943334
2000-05-30,6.251053067746604,14.911124719243563,8.610615535544506,-8.920638261057452
2000-05-31,7.320948291102408,15.1893725155173,9.23171554569596,-7.743584629957589
2000-06-01,7.784775247958874,15.763231570359425,10.98814777037464,-7.962860216889892
2000-06-02,6.534842283896155,14.302329453636318,10.851314819964054,-7.331551702084063
2000-06-03,6.920855447628534,13.864090429659012,10.34293927221198,-6.78722240418663
2000-06-04,8.039247471322573,14.453007274458146,9.927032313457262,-5.1050597448947785
2000-06-05,7.170112396542643,15.153696861562905,10.734668231735153,-5.287417808595466
2000-06-06,8.415128466593238,15.793095407118244,10.74617016083199,-6.907829308280453
2000-06-07,9.57591140043451,16.843658750188965,9.649787019970367,-8.072257018869415
2000-06-08,10.01610998405344,16.75252696033947,9.768282491887964,-6.9061674807861735
2000-06-09,10.618383785898406,16.340642641831298,10.48173429349694,-7.46263403260159
2000-06-10,11.63051033091629,15.585234840694755,10.87762669972632,-6.823203726705547
2000-06-11,11.696043644376578,14.09708541649445,10.70295188503983,-6.177191217289994
2000-06-12,12.998663471095107,12.75970576382306,11.685074569652201,-6.984321489466416
2000-06-13,11.869485902683744,11.678405284199973,11.390616136622388,-7.013188335954893
2000-06-14,12.900643403783539,11.462684476454834,11.182157492292443,-8.601675688818167
2000-06-15,13.750992528014454,10.852955821258526,11.44750291723372,-9.089491575313124
2000-06-16,14.02090317906944,10.624448454364037,11.52336210807088,-10.350617136267754
2000-06-17,14.458954969529302,11.554024889608908,12.17536226157494,-10.398455840362024
2000-06-18,14.471275154758587,11.515322282415994,13.02673374937323,-9.8661200171005
2000-06-19,12.43473474639043,10.626429942074486,12.929320024146373,-10.26138686578427
2000-06-20,12.055133621096267,9.706485002898674,11.745903117064126,-9.546646018189012
2000-06-21,12.459174015308157,10.37154009607395,13.94045667167525,-10.996744160458766
2000-06-22,12.39022642128598,9.197207711275002,14.305876835349961,-10.395599471221763
2000-06-23,11.328957293514812,10.41013203803249,13.449029111111921,-10.075418274572355
2000-06-24,11.322863688385079,10.311147338234859,12.457066494635761,-11.413807800715807
2000-06-25,11.018572424040137,9.298334951379108,13.413697014913984,-11.082830068696152
2000-06-26,12.162518574276096,9.642621318819803,12.935920651858508,-9.357188017866811
2000-06-27,11.418535367486356,9.423879664868533,12.922967558990738,-7.767738032257315
2000-06-28,12.027193293733045,10.73528033816646,11.078554671501792,-7.4676325384863835
2000-06-29,12.458318144832228,9.565061109776423,11.988384333189108,-8.518545272967703
2000-06-30,12.238184887847243,10.311668948487297,11.23733495199106,-9.121067804467609
2000-07-01,11.3155774557191,11.488483535286031,10.409266813962049,-8.68558573197767
2000-07-02,10.473937031753492,12.631220681918117,10.260220816681981,-8.67332646751205
2000-07-03,10.193777955453138,13.545655607613151,10.888253638676792,-9.423749166173398
2000-07-04,10.8175077752005,13.664779752650816,10.781368670957095,-8.23610705315888
2000-07-05,12.255336925518934,12.732812937129216,10.322652647711255,-9.55501667824344
2000-07-06,12.715273915187346,11.998360972018087,9.602863082751181,-8.47365533248733
2000-07-07,11.063116099176245,11.913532150233381,10.275066794330217,-9.142292544188106
2000-07-08,11.179105231918724,11.816338328642598,11.483148841294474,-7.835124371225088
2000-07-09,10.98753014637614,11.761151288844799,10.09091112408023,-8.179511962919879
2000-07-10,12.545501190319648,10.480376228475505,10.101364266769714,-9.365492607589957
2000-07-11,12.844694450291641,8.116519903677624,9.836826205162133,-8.17957057648368
2000-07-12,11.885261605701958,7.938239158020459,10.197946143393887,-9.86835219145543
2000-07-13,11.638597870481487,9.108107762678769,10.168648892841032,-9.598304115735356
2000-07-14,10.885464722932674,9.771722171672078,9.147112484056661,-8.685363348011169
2000-07-15,12.19626430112144,8.840347814110325,9.858583891595485,-8.117595548590112
2000-07-16,11.89202629503817,8.422629174500111,7.904986052872934,-8.116451426760687
2000-07-17,12.424130907787386,6.443311003930756,8.79676103976019,-9.992754569008227
2000-07-18,10.759446077206288,7.361465443450795,6.932571797214731,-10.187869139001117
2000-07-19,10.216067664857936,6.960324667700722,6.638698678066465,-10.275912591374837
2000-07-20,9.666573382307906,7.112939376396029,6.387560076750894,-10.984853546546947
2000-07-21,8.742023974718679,6.402317939225357,6.01107163013616,-9.461149613445965
2000-07-22,8.91810534306884,8.3963819231297,5.867774889489689,-8.82675987690346
2000-07-23,8.748903683313655,7.368672140572648,5.653282900126786,-7.479601297334346
2000-07-24,8.142288839106847,7.520259056475263,4.080026648070999,-9.130993312004092
2000-07-25,8.677559691156887,6.817495607171236,4.604322301255117,-9.197676763435455
2000-07-26,7.910008480835891,6.268755406545272,4.131121458792783,-8.276835482692018
2000-07-27,8.302422206694036,5.390162057247707,4.685701877366158,-8.437879149208861
2000-07-28,10.055627359532892,4.717304562868427,5.93293058784147,-9.830042155498255
2000-07-29,9.61366800955135,3.624129463873582,5.864503203636482,-9.174871347891118
2000-07-30,9.301457405886785,3.7127450973999867,6.92872517593661,-7.341915651633374
2000-07-31,9.721045310715596,3.631524619248598,6.3086562032994795,-5.37967401282147
2000-08-01,8.95873407416629,3.373444062944982,5.692340585299844,-5.494541960059211
2000-08-02,6.9933421611234925,4.559068225125471,5.404980996147249,-7.668738016864365
2000-08-03,5.923428484646571,4.561095304572883,4.205350014135314,-8.64622946996494
2000-08-04,5.308352355081632,5.0491329965837854,4.129422830243038,-10.004740645663036
2000-08-05,5.345133318280457,7.16907074380432,2.83920863947976,-8.633251212982387
2000-08-06,3.622586241303769,7.792659254965584,1.7305422357702658,-9.146622395967638
2000-08-07,3.789839524126705,7.8201599695538,1.4307429835883945,-9.774452572377259
2000-08-08,3.5029520731236046,8.36002321677655,1.6977860502533422,-8.766398908196008
2000-08-09,2.9503541551604204,7.778643842522026,0.15987512130574855,-10.497708722654433
2000-08-10,3.936912806914556,7.512742902020719,0.019525902940858403,-10.401340602241095
2000-08-11,4.113968652677658,8.461704631686796,0.9456151265393867,-9.523034791658187
2000-08-12,3.148618404003554,7.685869002884027,0.6454103276253889,-9.522102616830466
2000-08-13,3.6761815694865985,8.029042561397997,1.6477828562983774,-8.394975745897476
2000-08-14,5.99398621640219,7.513107098415779,0.5116545512524886,-8.178425787449525
2000-08-15,6.991074576700291,6.763400456852441,2.6758319592763695,-7.593429335402549
2000-08-16,6.258447534022506,7.602851500310348,0.687708677485003,-7.73822472836299
2000-08-17,5.460998308202011,9.842270991622554,0.32091754728030314,-8.51808169910229
2000-08-18,4.606234541054251,9.894855575070007,0.8787746684556004,-10.248556724612113
2000-08-19,4.597840227202641,8.770643279488816,0.7143586016661647,-11.037969988429724
2000-08-20,4.039187640153438,10.918629469258061,1.0660577659430257,-9.356152836429445
2000-08-21,4.157788931259849,10.663845237289355,0.8098614242281644,-10.401986737155905
2000-08-22,2.3880570534258228,10.244262556306484,1.639649432594125,-11.660883674694066
2000-08-23,2.704580520425634,8.763424784976072,1.994116481329845,-11.837532303848091
2000-08-24,3.2886162477396343,5.870927280711703,1.9775813899986194,-10.747139173408028
2000-08-25,3.5918625296202586,5.987717089957464,1.6805287418773103,-10.079291909990179
2000-08-26,3.7302264129446097,6.746977059284493,1.5119560878520601,-8.909432361859007
2000-08-27,2.2055973720725226,6.6624758877054,2.1314660278680364,-8.876293416329958
2000-08-28,3.453774591906694,7.323780941768349,0.5267954083386757,-10.545602536945319
2000-08-29,3.692692756160273,6.100240838959591,0.11847564738651717,-10.902752220290482
2000-08-30,4.582042679927053,4.139541909469575,0.32189441978757916,-11.00868161835294
2000-08-31,2.7362432853539,3.879461133367792,1.0101681537345977,-10.702927667788533
2000-09-01,4.5555596261280815,3.8436817680453914,0.3875592894588794,-10.829391686943685
2000-09-02,3.660685430685761,4.186148479738279,0.6629072255952608,-10.692549342870354
2000-09-03,4.153388027450732,5.1040521337226,1.0473398130189715,-12.614114106509906
2000-09-04,2.1742880954307386,7.608702591562496,2.7677306316796155,-10.921784940628177
2000-09-05,1.3481537797154253,9.381353374343028,2.5714541950622385,-11.197599897412854
2000-09-06,-0.8149225569085583,8.334633332534032,0.983252584532907,-10.131624215532103
2000-09-07,-0.22164974054317033,9.478492746411952,1.4974320390495062,-10.569294501288644
2000-09-08,-0.027331107673779942,7.811507199670385,1.3865589577689554,-10.564561996165867
2000-09-09,1.708739454885867,7.211621254229029,1.1927582839888413,-12.053212415151727
2000-09-10,3.2031502540490036,7.445792571415878,0.9785274006074239,-12.054541997422497
2000-09-11,3.9891000758715003,9.840126878965753,0.9515520625041243,-11.647259674171886
2000-09-12,4.7910966146557765,10.344306395454925,1.7710251445297298,-13.691990864895395
2000-09-13,4.486358380518787,11.457187117971484,4.445878269936102,-14.14689470410389
2000-09-14,3.2236268126336443,11.199429631172597,6.175975412110888,-14.68441325333216
2000-09-15,3.123825992906784,10.786223377343525,6.555512443471949,-13.858440316590196
2000-09-16,2.209102860879265,11.332672690132389,7.351242689404728,-14.760661899545552
2000-09-17,3.9652605697817487,11.825159377625884,5.853656498981018,-15.745293678254416
2000-09-18,3.8065589734026477,11.06117364673887,5.418642065097613,-14.415762652317554
2000-09-19,4.751552503899326,10.723515358393513,4.864262197467972,-14.126243963995897
2000-09-20,2.8172933760322505,9.97905801678344,6.052844940958613,-14.227683435984044
2000-09-21,3.6526173074247525,9.308731708987349,6.001099217623749,-16.177411614658144
2000-09-22,3.770755329162906,10.680769074992872,5.794040569164758,-17.002617878986246
2000-09-23,4.434396499283768,9.945836432184072,8.65122386792087,-16.752198955541903
2000-09-24,4.975410113007458,10.274745586746539,9.426996757471022,-17.599680597637764
2000-09-25,6.615580326737226,10.760989473904255,9.364567473975894,-19.48504109502271
2000-09-26,4.987083543171023,10.14809298136031,10.316025823722333,-20.387392636963146
2000-09-27,4.809435318767947,8.414719322560462,9.7504017456874,-22.72043997545878
2000-09-28,4.627069729830724,7.645717978718543,8.13498592861956,-24.073623427629343
2000-09-29,4.878710527106375,7.293430679595093,6.104582749086913,-24.109527930418757
2000-09-30,5.187031929318927,6.297436060036799,6.77695078802332,-25.417235766935278
2000-10-01,3.4175986115734975,7.119200389612809,4.528956061132799,-25.41732119896453
2000-10-02,4.779172715997741,7.647970715666875,4.03358184989499,-26.31024807592378
2000-10-03,3.7496687245824014,6.444939257692705,4.22845828226216,-25.565780081872983
2000-10-04,5.607714462390663,7.98680724912249,2.6746863153750464,-28.1019076151036
2000-10-05,5.136614444394526,7.265565448618117,3.7917309030388306,-29.33555299095164
2000-10-06,6.353901469723585,7.344109346906575,3.1735377528808315,-29.782130542097082
2000-10-07,6.8922705776480315,7.891126489163534,4.011132405245134,-29.00691666735871
2000-10-08,7.684999843262489,9.155797200833593,3.0369785475497957,-28.58022082058111
2000-10-09,8.31427448847146,7.767668372835439,2.568673204579243,-29.274052540470937
2000-10-10,10.591029100842706,8.640285356479716,1.949247971477567,-30.812252294532506
2000-10-11,12.114713956442694,9.88384994571807,1.615399219817293,-31.30579214740453
2000-10-12,11.579930195051999,10.285667653376567,2.7994468129839096,-30.662345562877164
2000-10-13,10.77733744371435,10.725986710246435,2.4713243219385554,-31.941250131623
2000-10-14,9.065087078352922,8.558973868109309,2.0379989278370134,-31.85573767543605
2000-10-15,10.728555061517318,8.43260428132467,1.4761240862510725,-33.910808599899035
2000-10-16,10.40493894811852,9.582454017771216,2.5181091040071433,-34.160901330428274
2000-10-17,9.967362237815909,8.641837014530418,3.7618208387050895,-34.64962766516397
2000-10-18,7.9241258684830544,9.806661093254977,3.469950799949409,-33.3677483689162
2000-10-19,8.62127568789158,9.732991413958336,2.838410115119883,-32.857471903444264
2000-10-20,9.017412620622867,10.201003577027864,2.270529248378625,-33.211826396979184
2000-10-21,8.514429069234506,11.871387704130013,2.5463990035428803,-31.93891046821402
2000-10-22,8.915993135420534,11.433655485128956,1.859551009064802,-30.43450533902283
2000-10-23,8.436136942960227,11.051674131942537,0.9904812176323187,-29.863386359307377
2000-10-24,7.905189488825559,11.861195544545216,1.7314288840787448,-29.985781166988193
2000-10-25,7.596885778579902,10.709724150966982,3.1488173045125074,-29.141247026254664
2000-10-26,7.246704341529218,11.397178825128453,3.363321353599921,-28.547375277097927
2000-10-27,7.793974333958724,11.61072542052769,4.59433422708196,-28.965314939968355
2000-10-28,7.842682690704281,12.86402590905912,5.17792075082794,-28.088611592701945
2000-10-29,8.840267788049296,13.002648687732895,6.579396053933175,-28.889612321591244
2000-10-30,10.531552432686137,12.145685938605027,8.040396844638202,-28.67265941855811
2000-10-31,10.680686127370276,11.418759179336066,8.273253209093802,-28.726605321408503
2000-11-01,9.955139410922667,11.704248349639002,9.242367557417758,-30.701230256898445
2000-11-02,9.522514652874142,11.196454155847972,9.44369060145662,-31.502330006445995
2000-11-03,9.046746729686372,12.434015196451867,9.549930688629566,-32.243096264343784
2000-11-04,9.26272847984842,12.158421398410233,10.831899047229152,-31.97001412936825
2000-11-05,9.269289638883293,11.72199004382424,10.702907309071803,-33.025683874440716
2000-11-06,9.535098536742003,9.995708818912792,11.173707381996216,-33.08727635728691
2000-11-07,10.442322784383144,10.261703963587973,10.593847776902585,-34.71134816157999
2000-11-08,10.676437930488278,9.886766400752899,11.167104857529443,-36.20992270153244
2000-11-09,12.860106661893436,12.214924768699271,11.958645162434875,-36.234021662228166
2000-11-10,13.768213432448682,12.159748970952485,10.310340119871706,-36.123195490122235
2000-11-11,14.348805677711725,11.92132140786026,10.205732385980477,-37.66685432126931
2000-11-12,13.14204985173592,12.44904340272237,11.244257192530117,-37.80768725086294
2000-11-13,13.295610465829183,11.633117614966439,11.453057007306318,-37.93059357416286
2000-11-14,14.49200233741145,10.006237055571917,9.175569328216636,-38.35725433085635
2000-11-15,15.15858185998045,9.96286561158583,8.977781123287793,-38.56330848692985
2000-11-16,14.827109006491051,10.56678065950995,8.106809397100774,-38.67023725616027
2000-11-17,14.296584826381926,9.794552721088946,8.982605745432807,-38.83476572428978
2000-11-18,14.576237804611388,10.862951539406993,8.363672860663502,-39.77068908159595
2000-11-19,13.310361459902166,11.894932760171459,9.567411808718546,-38.53819812490647
2000-11-20,14.309566909323433,12.434725646203665,8.485447800466662,-38.552414106252584
2000-11-21,14.066993845165664,10.622067897907177,8.456943944586236,-39.643145682294254
2000-11-22,13.099544485633341,12.464178926262143,11.27097926958506,-40.132719529013336
2000-11-23,13.800268254284203,11.047716535515418,11.672099014743134,-41.02314754597328
2000-11-24,13.609680036634778,12.326607967951883,13.315726948318039,-41.66024592557138
2000-11-25,15.826928823737456,12.481121281525901,12.521601640946908,-41.113025593722774
2000-11-26,16.12258678478253,11.999593952029548,13.200152858921788,-42.06777383304705
2000-11-27,14.955852082470551,10.811450428487323,12.061416747055098,-42.07447235623424
2000-11-28,14.925922485965001,10.06355662162777,12.555149767216532,-42.573855205856525
2000-11-29,14.28324352454029,9.66130265444908,12.10602353841363,-41.34750643834813
2000-11-30,15.237249816879526,10.38361327498898,11.53758926486553,-43.48756918783893
2000-12-01,14.373853052062302,11.24608006848916,11.236763162030691,-43.688501204218085
2000-12-02,13.975862522744768,12.08646341497106,9.871186433368985,-44.44772861203847
2000-12-03,13.906708739444232,13.352745053277335,10.22065165530732,-43.30454693028071
2000-12-04,13.369409572038476,13.304173621904013,10.480736026516759,-41.67800095307331
2000-12-05,13.306342975729887,12.658624952191458,12.14863093395101,-41.552776501304976
2000-12-06,13.700976530065487,11.438107584422703,10.834129794786014,-39.291034937693055
2000-12-07,13.723342684616327,11.729248243384742,11.451117952810495,-38.97366765223546
2000-12-08,14.58685603857663,13.090668094353893,10.64802104375407,-38.74612151901474
2000-12-09,14.965723981398746,13.822020694812714,11.64284798794188,-38.57375725513518
2000-12-10,17.048009994042562,13.468939350547972,12.065805038571975,-37.8066283492007
2000-12-11,17.484555500035047,14.592045736890437,13.267465845224732,-38.062428504666535
2000-12-12,16.99307930608864,14.778684755360652,13.390100296059488,-40.0426281265994
2000-12-13,15.57801369242043,15.126209830207252,13.15422480590044,-41.30712455991521
2000-12-14,15.0883371709607,15.60671585283941,14.15309708968563,-40.507710747416255
2000-12-15,15.55777237748949,15.614870332979562,13.50385361455152,-41.71040388657653
2000-12-16,16.158581741206454,14.362757125398781,14.325706461282689,-40.348997082150284
2000-12-17,15.674824001053128,14.620858584873428,14.805957278154205,-38.74795792505697
2000-12-18,15.128344712940844,14.650540498379565,16.49387685761346,-37.58908867664288
2000-12-19,14.640736762078639,14.019800216531948,16.557935615945063,-37.59863538643928
2000-12-20,14.172742290764274,15.530059386414202,15.522787561713772,-37.908859655775395
2000-12-21,14.553570152379242,15.40905928754168,15.599182094937492,-37.395334930118544
2000-12-22,14.01935551374866,15.47779529498871,15.05554309628578,-35.82209224836524
2000-12-23,13.46358889494282,16.335478859143738,14.027475946598326,-37.8356149537053
2000-12-24,14.374439427720064,18.124588549774366,14.418781868264595,-37.25392342473896
2000-12-25,13.65086067038656,19.44394957733049,14.080654412204344,-38.04734527142502
2000-12-26,13.360963391837636,18.32305957372656,11.200324304089838,-38.286714609198384
2000-12-27,13.735071123487993,18.024501122976176,10.57272312789758,-39.9591880232415
2000-12-28,13.302819226660866,18.854099750868777,8.545771900561261,-40.02866145712598
2000-12-29,14.987284884673494,16.679622175349383,10.11715037303934,-40.39387822834717
2000-12-30,13.641541910240651,16.58880752214383,10.600449334471813,-39.42769143048615
2000-12-31,15.185852016007374,19.103613230998626,11.809987000315651,-40.077326528916274
2001-01-01,14.423591527431615,20.18865787272137,13.134654618941298,-39.72683079942135
2001-01-02,13.075323416510967,19.848040593453526,13.046789555162883,-39.790378044623694
2001-01-03,13.852438664862657,19.836066728596425,12.864589598976602,-39.559298789229594
2001-01-04,14.868780076073262,17.88825282712359,13.6434865959612,-39.89573903906254
2001-01-05,15.055983189406035,17.661176542077598,14.59233686197144,-41.16444707008084
2001-01-06,15.209366100087276,16.799102873060896,14.498139370210437,-41.299063779933476
2001-01-07,14.071700613123852,15.180780690369831,14.372581551744991,-40.7398980939065
2001-01-08,12.983051165121328,14.52897201913158,14.48103887811131,-40.12125555709442
2001-01-09,13.098214069770712,12.668729165010703,15.517372778341873,-39.25868653332667
2001-01-10,13.17309700505544,13.202010052281791,15.894376059186529,-39.85863866186085
2001-01-11,11.731076431702695,13.359171122342481,16.19649976758416,-40.903898865001764
2001-01-12,11.387998519106377,12.631459143363642,18.455812551752313,-40.6342764561129
2001-01-13,10.595462354014398,12.584076197899975,19.38919305728529,-39.489546700596385
2001-01-14,11.501979549117795,13.08036796896581,18.696339362111427,-39.021539357318325
2001-01-15,13.055466575664429,13.729840223869774,18.524630259492127,-39.715711307797136
2001-01-16,11.611377369417244,14.260273091599716,16.43902505990293,-39.31419408260609
2001-01-17,11.426696047645725,15.022262807485758,17.619932903352638,-38.920721779143705
2001-01-18,9.976404714651663,13.67501624048419,19.365092584479406,-39.87371024295512
2001-01-19,12.282420391318874,12.69710353771029,19.273196618507995,-37.766873974343845
2001-01-20,11.998094550640692,13.777052459473637,20.269277774986367,-37.07897876633655
2001-01-21,12.467006862340584,11.974828286936054,19.43157597571728,-37.09702445457233
2001-01-22,12.94550034999827,12.895203142926524,19.78889114471007,-37.17253603778625
2001-01-23,13.004786382916471,13.742007789860155,19.392154061203286,-37.163273869912935
2001-01-24,14.140769647283285,13.287639775191712,20.552536790940927,-37.073265155893445
2001-01-25,13.74912706986299,12.336396117930374,20.442901161613126,-36.00496307986077
2001-01-26,12.904405344462427,10.7711525169867,20.052514024685934,-36.06343815141857
2001-01-27,11.796732283094467,11.043461012172346,20.629056164537396,-33.32298635126637
2001-01-28,11.262246259495837,10.761615132646444,20.55203657723799,-33.10285411421949
2001-01-29,12.969336172978286,11.272690054443895,22.008687094245712,-33.924208986563585
2001-01-30,14.038586785577472,12.448246494078456,23.561470064829905,-32.70572544948782
2001-01-31,13.50726228157384,12.109389005080178,23.91897256725073,-31.43846019048127
2001-02-01,12.268420629678134,11.337517441553844,23.078776359512087,-30.503864573444666
2001-02-02,12.937921134879753,12.725863307519568,24.67621535019565,-29.820607472331872
2001-02-03,13.569968235792963,12.976661352369026,25.588934308662914,-29.960541126464122
2001-02-04,10.782492986705106,12.918184759468321,25.911252182523903,-31.033510331010127
2001-02-05,11.067934839276955,11.819979172227331,25.22112284227949,-32.09765270788536
2001-02-06,11.807013561910606,11.988651365863708,23.660602786495566,-32.61809778183097
2001-02-07,11.156375102433389,11.819900172860343,22.243842808100784,-31.832385643080933
2001-02-08,9.213329684862568,11.874518268418134,23.73583044083895,-31.711719117662287
2001-02-09,10.610730074304929,10.726685728526283,23.23403322789431,-30.847285134393193
2001-02-10,9.161439767347835,11.519855278517657,22.49618313701502,-31.726966225700384
2001-02-11,9.710215278367619,11.671346202666726,23.777963270743815,-32.52080274497288
2001-02-12,9.5561419461697,10.388740573043966,25.361160870036812,-32.70991122244855
2001-02-13,8.7157748436728,9.97505191846761,25.16995642901176,-32.390719498320514
2001-02-14,9.206505451526855,11.40454941586254,24.6036696332101,-31.83771054910734
2001-02-15,8.635171632749863,10.173120407028506,25.333761485580453,-30.09197193445845
2001-02-16,8.958136911629701,9.766976275816248,26.249734622270164,-29.03474320805052
2001-02-17,8.373794118180712,10.304231389476936,27.84800898025427,-29.14831866687359
2001-02-18,7.123200040047346,10.444278035209017,26.092336182388916,-28.48805035915945
2001-02-19,6.085793477044569,12.291004498792315,27.926545035653408,-28.35166961621227
2001-02-20,6.724908188151865,12.028860185407016,28.640008856889878,-28.522798360743124
2001-02-21,6.970380044397043,12.694390891647528,28.530461234482907,-28.208202004048257
2001-02-22,8.442198109481021,11.118678167007776,29.188727022347905,-27.48085529116838
2001-02-23,7.5357863371702996,11.090790088614304,28.717134072010897,-27.322997594654353
2001-02-24,7.923729069167193,11.656403374257678,28.672048222066866,-26.44182980138172
2001-02-25,8.030964998500556,13.80232498214797,28.247313126249807,-27.87165292332023
2001-02-26,7.533320102306985,15.48308753675089,27.572920492598527,-27.258822396990997
2001-02-27,8.706667163012595,15.378005039655507,27.37215773477355,-26.896872501002836
2001-02-28,8.196974919030612,15.368251280143712,28.026787242666103,-27.37872690152087
2001-03-01,10.745576082151961,14.217505184304947,27.825971706480665,-25.656944093322217
2001-03-02,10.9164395712847,13.5233321609884,28.07604697966559,-26.845093330424035
2001-03-03,10.41394945877989,13.424755982174691,30.35092661356591,-27.57056864463878
2001-03-04,10.834872600287138,12.640696136528193,31.912037997095393,-26.093595290611987
2001-03-05,9.61786414317674,13.926465709331987,31.58464667809412,-26.399518483593024
2001-03-06,10.601869527348859,15.618962472291791,30.455698768537424,-27.51695460718638
2001-03-07,10.057044578661015,14.233243424340053,31.111829432632295,-27.673502569038664
2001-03-08,8.596059649718473,15.068063936209086,32.615074744881134,-30.291331441291565
2001-03-09,6.490829115701201,16.162328301570586,34.14044758828508,-29.84290440516941
2001-03-10,5.353631483766529,14.771311553166296,34.45712158767272,-29.68271329515155
2001-03-11,6.904680468415966,14.431818056691565,32.781771638996226,-30.183017430870493
2001-03-12,7.471002293722175,13.772885559751382,32.41838204565225,-30.592165024618396
2001-03-13,7.163164326584911,13.854597254529358,30.61033752034756,-31.151801395746663
2001-03-14,8.867360670736266,13.848975834068018,29.45971036105921,-29.33224050115065
2001-03-15,8.033401018758438,12.51431060915054,28.491653486758707,-30.179561614230163
2001-03-16,7.639912258352889,12.06326151078349,27.732780067803986,-31.26493899900875
2001-03-17,8.58870202073675,12.620537900241775,27.939431724658917,-32.488511217186584
2001-03-18,8.93768819899017,14.17202390718828,27.174913482009845,-31.00475747789222
2001-03-19,8.610216882287567,14.959029348240914,26.143653701032942,-29.777933442753714
2001-03-20,7.041225035983036,15.002877849081273,26.133826565240962,-30.655919377026173
2001-03-21,6.052122570106691,15.501752868454298,25.1716696723082,-32.045710641188734
2001-03-22,6.273424973385012,15.472397408732949,25.272969137070138,-32.63818509627145
2001-03-23,6.727879395220006,15.14034144962431,25.582727588115617,-33.85995119856514
2001-03-24,6.7553820029152805,13.05470987775475,25.191537972496686,-32.89281700817304
2001-03-25,7.878393170102278,13.653919510625705,26.438315067645856,-32.719330838624344
2001-03-26,8.776998963471378,12.42896967176886,26.529532603044068,-32.26089718705167
2001-03-27,9.099673229679917,11.864987935673165,26.072048691789487,-32.43910570134477
2001-03-28,10.601559128589319,10.71796075477888,25.901741577579404,-32.88299799012345
2001-03-29,10.139913455065438,9.816649914690025,25.032523991244414,-34.27819965886958
2001-03-30,10.447059200012399,9.069112627380784,23.970809140336417,-35.0657629157762
2001-03-31,12.290887234739944,9.483667472469193,24.0216922938845,-35.30169918028168
2001-04-01,11.146959083118292,8.800775206178296,26.486397259389186,-34.686097262723976
2001-04-02,11.360362797151284,7.515307058089262,25.986343721439614,-33.83145179920713
2001-04-03,12.973082456231294,8.224264856916673,25.454234218991072,-31.709711066243933
2001-04-04,11.757664329531453,6.072466305865288,24.689823638813657,-32.26620481863154
2001-04-05,12.976540480207133,6.8814454957124,25.888370521022356,-30.13922374324661
2001-04-06,12.352296571196067,8.13533022346376,25.615070220387686,-29.195368757227257
2001-04-07,14.099335136711439,7.258156425859269,24.83539716248633,-28.745484706846263
2001-04-08,13.308735084245514,8.327062866374478,25.04336170488048,-27.68007887936931
2001-04-09,12.653196502758652,8.250477652831774,26.65467786028542,-26.59551738146186
2001-04-10,13.556669589662778,7.8450918218721695,26.751370424862625,-26.38047900666725
2001-04-11,11.704890987557063,8.625095994584495,27.401922370782437,-26.512725916215206
2001-04-12,12.96281454169424,8.11198704632797,30.319691225765734,-25.65761652158773
2001-04-13,13.687553515650178,7.862847885440946,30.02856393638853,-25.217374675069156
2001-04-14,13.581529105328919,8.772038945085598,28.822521897309265,-25.385939879965473
2001-04-15,13.585232529434885,8.504941115942053,28.1375031345836,-24.656651949901615
2001-04-16,14.770895998658451,8.540964527084665,28.73916414372989,-25.291357918980356
2001-04-17,13.493194579467621,7.2265977146612705,28.359240226146422,-25.639513477679955
2001-04-18,13.650235913487524,6.889710268927206,26.054916550331445,-25.235976390035056
2001-04-19,13.90151588854276,6.727277422254854,25.679464033842414,-25.350035749325656
2001-04-20,13.898218441826883,7.424937983442278,24.59898458806668,-26.58026675644162
2001-04-21,13.261131508710772,8.014910431063184,24.941015650511503,-26.27054206382351
2001-04-22,11.923107567878462,8.95780406247251,24.43521614730848,-26.581137312690718
2001-04-23,11.501547335080533,10.811176731082078,24.04876213116224,-26.431519162672398
2001-04-24,11.16759274899773,10.363803894277083,24.929824545938054,-27.032451734611634
2001-04-25,10.414323779893923,10.473154504544445,25.497817353554787,-26.315037485257534
2001-04-26,8.389774490586994,9.729114509691264,25.293141204502156,-25.880816102577715
2001-04-27,10.505695537198662,10.503833956983167,25.734390471433326,-25.389652469346277
2001-04-28,10.249667407173694,11.183944467455166,24.78283184664765,-25.79705389970493
2001-04-29,10.381579706849664,10.145660030015119,25.20311375786722,-25.52838596462687
2001-04-30,10.098170249184971,10.08513621840126,24.939660641525183,-25.617125668794834
2001-05-01,7.908355033917258,9.812444914279492,24.85644167705477,-24.6335614913578
2001-05-02,6.091911123328913,10.436205078975894,25.485695865884033,-25.10502163096182
2001-05-03,6.038120502870128,8.635003747656857,23.903803478084733,-25.353946525649146
2001-05-04,7.360382421725524,6.79106099589655,22.157918253783354,-25.55562143249703
2001-05-05,8.045640059095218,7.389889865840533,22.844156246204584,-23.783383213414137
2001-05-06,9.792394505361383,6.931940935624973,23.605787713049533,-23.33982320410198
2001-05-07,8.314104061141474,5.457219367062464,22.285497656932822,-23.301426477128853
2001-05-08,8.675880923853049,4.398753510013986,22.587109261897865,-23.617975281357396
2001-05-09,9.038737844867638,4.397104184264538,23.34317142939861,-23.09599876767043
2001-05-10,10.043472299312919,3.913453274762911,24.39079205729283,-21.6283534019209
2001-05-11,9.362120842982183,3.714191579133885,23.28504680974251,-20.660868169478686
2001-05-12,8.625198609930504,3.1938662405051854,23.986887443209945,-20.20902904585062
2001-05-13,9.26878433698228,5.066137130987427,23.466768404833257,-20.82038894086435
2001-05-14,8.94370083196899,4.8079665664038105,23.39211015296893,-19.978945307650296
2001-05-15,11.637766739573316,5.863809124745497,23.289430815035757,-20.760299633034474
2001-05-16,10.75635191511883,5.595949074306573,23.41771761717107,-20.45345094799849
2001-05-17,12.368357968485917,4.901135046175317,22.90410191794032,-19.68616438230205
2001-05-18,12.52542142569653,5.012634797440612,24.172561141725218,-20.34835230052266
2001-05-19,13.369524254980783,6.473643258046145,22.769268050615466,-21.54776130883307
2001-05-20,14.402091721245442,7.649069992042362,25.38202712687732,-22.690833018838433
2001-05-21,13.644437327940466,9.074938911154627,27.86439358010332,-23.953365869167484
2001-05-22,15.331374445381199,9.382553533327432,29.693487992242172,-23.85556271796424
2001-05-23,15.107150947890236,9.828165357565025,31.540279306230445,-24.569692948802228
2001-05-24,17.123619655239168,9.688249127679974,29.95315678904316,-24.43730027787512
2001-05-25,16.016263521642003,9.054570573633338,30.27226016450629,-22.751128499309385
2001-05-26,15.846977025770293,8.322105078784139,30.648151058844412,-22.485165703167205
2001-05-27,16.766275130871527,7.11201781834458,29.081530435570052,-20.75310957227563
2001-05-28,17.96142117060367,7.723977280068004,29.599331806569566,-20.647997936669963
2001-05-29,19.442033176441996,7.42170599401955,30.566923814510332,-20.22641522434882
2001-05-30,19.831244164158754,8.111107710164644,31.302531786874663,-20.274500748382046
2001-05-31,18.043777004337095,7.74442646223353,32.82258650249778,-19.756975067914993
2001-06-01,18.248102513043726,8.325106238263926,33.51269898957536,-20.69237791702738
2001-06-02,18.385408917781355,8.979896188913731,34.63633119166123,-20.761022760253336
2001-06-03,17.94503432787992,9.678752637406397,33.98358507772179,-20.871505477956923
2001-06-04,18.631739127082877,9.267583835403247,33.003548529740804,-22.605880550902654
2001-06-05,18.87758838857473,10.13511486933054,33.28694374720667,-21.81644563901006
2001-06-06,17.3317566103324,11.062804828299967,32.16884987244357,-21.477756410940028
2001-06-07,18.629820897715557,10.71439859464475,31.321059430295637,-18.879431908452464
2001-06-08,18.65289337108053,10.875085108258753,33.241529852616495,-19.52318306286383
2001-06-09,19.348418468894806,12.14448555686145,30.969734380831976,-21.509447982872537
2001-06-10,19.52983755328844,12.117249650337717,30.91079470973558,-21.378519322043978
2001-06-11,20.142844146827784,11.689719607095684,31.26068331931148,-21.60978521033753
2001-06-12,20.458082576283964,12.061582772207936,30.20677250268136,-22.037693663370597
2001-06-13,20.552744833945855,12.415103704959627,30.059766595389448,-23.285155429983742
2001-06-14,21.007281312838554,10.950638533842637,30.12851006730608,-22.621109801395527
2001-06-15,21.2676990633155,11.550386245454057,30.212525423928778,-24.5248509202748
2001-06-16,21.876804885584285,12.195069205103952,30.67304838910736,-22.929867428539236
2001-06-17,22.970303917719267,12.483423596898291,29.014589082078118,-22.519234207484043
2001-06-18,24.558848588931383,11.286214984783708,29.15786698909617,-22.660110122627845
2001-06-19,26.395514823722536,10.470100860676215,28.635487538876443,-22.507907065910942
2001-06-20,27.1921739406133,7.6058877329177355,28.34376505608153,-22.58447378588692
2001-06-21,26.23264581530021,7.24683942862567,29.736394420167848,-24.215782267975364
2001-06-22,26.017957768070765,7.683495617829135,28.655177752671708,-22.60101974825556
2001-06-23,27.461721736047014,8.582986790022861,27.36148902700215,-24.750393942245363
2001-06-24,26.490285247879665,8.210282495118411,26.46629708169611,-24.010622409006572
2001-06-25,26.203539979452394,8.951038773035341,26.941088741399266,-25.25382385799997
2001-06-26,25.805751297606758,10.05095209154926,27.686411507842983,-24.003555526221508
2001-06-27,25.532145462019017,12.790669550698297,27.31115444017705,-23.183168953292952
2001-06-28,26.95099346760255,12.12794902589489,27.663042397962617,-23.956694646509074
2001-06-29,25.95601006302266,11.42615058141502,27.21732368280783,-24.625488870482982
2001-06-30,26.509096819379373,10.982763276485809,26.578889675856697,-25.35936216804613
2001-07-01,28.152221009791234,9.945878191287322,27.0604627358055,-24.057263044393167
2001-07-02,27.001235758606413,9.974463622108404,27.40144929470473,-25.80282740661047
2001-07-03,25.53450371637143,10.747427588894206,28.97985456764066,-25.403907066622846
2001-07-04,24.18206567353875,11.90558014959811,29.214684257224285,-26.432987479816546
2001-07-05,23.69328683538974,12.302431728127896,30.42431171343989,-26.630322113181492
2001-07-06,23.921107044822545,10.369198520208396,32.059617706726165,-28.095301325799582
2001-07-07,21.59654058798518,11.190378025537637,28.815208813847793,-27.865398241979552
2001-07-08,22.28360260111937,12.24949755111992,29.245496603679456,-28.577476733997543
2001-07-09,22.875776574923705,13.979427721345836,28.085983176904737,-28.73359153844622
2001-07-10,21.883344033875034,14.068521993724778,29.017457557442924,-27.951067925766406
2001-07-11,22.89061008151124,13.805126835253096,28.595925617491453,-29.044715532101055
2001-07-12,22.93322738818332,13.285280700056404,29.444753555439863,-28.51342149472231
2001-07-13,22.79535251046748,13.546214194021067,29.416717588407177,-28.75801105858557
2001-07-14,23.373193668365833,13.051196010600771,30.732248694259276,-29.284772951960974
2001-07-15,24.013476699665432,12.763500091337372,30.510355203566206,-28.32005448344185
2001-07-16,25.656381709623965,13.253609391262327,29.805835996629902,-29.27833132206119
2001-07-17,24.315431629371368,14.162585802675903,30.340200617677475,-29.955062097688728
2001-07-18,23.786339316239733,13.850761803676143,31.450477082690156,-29.374440308651252
2001-07-19,23.653467224777383,13.590402271388639,31.922220680295275,-28.33341532329765
2001-07-20,23.37912949693378,12.891599503426264,32.375481034270564,-26.293202925276994
2001-07-21,23.61932965656184,11.867830298040912,32.49816183931106,-26.9865365758025
2001-07-22,23.603653324311974,11.128532588593174,31.398080804696466,-30.01153626692199
2001-07-23,23.869192160416237,8.270458064345995,33.31332272210093,-29.899153819981894
2001-07-24,24.41831915293074,8.147920290962176,33.67205996217834,-29.7792951791904
2001-07-25,22.656871897633238,7.393296241645745,34.321285912872405,-30.028460914851284
2001-07-26,21.850660956039768,7.386832224709036,35.36485365164986,-31.217622800639955
2001-07-27,22.01416357619277,6.35069575160226,34.40313922776791,-30.200528529874582
2001-07-28,22.82628576617203,6.728437574071603,33.45777468147361,-30.171542167928365
2001-07-29,21.861198074603667,4.7795970076780625,32.71460073656472,-29.159086638009114
2001-07-30,23.346666737116298,5.311912470722606,31.766663265024125,-29.185767446688907
2001-07-31,21.21893193593072,5.809758638835671,31.49173133468255,-30.156948140530673
2001-08-01,21.284300404720007,5.304964548270117,32.83364712960685,-30.77655549879389
2001-08-02,21.8719524476511,3.7243025726461854,34.16631214695249,-31.986151593223738
2001-08-03,22.340616656673134,3.581371670588696,34.66515505228622,-33.92510013222655
2001-08-04,21.420504589850182,3.3798551520451334,34.64942102182248,-33.130125379754894
2001-08-05,20.97776441496809,4.657216887162886,34.40648426057354,-30.042803775816516
2001-08-06,21.719242178205864,3.774232922451386,34.09425518700745,-30.98740062493905
2001-08-07,21.8208773625046,4.197947702493322,35.90097065697238,-30.23826660299238
2001-08-08,21.756677844897432,2.860725418155225,34.360617711487585,-31.570879010871725
2001-08-09,24.406005159242678,0.368612994389804,33.28826341204819,-31.84793482842931
2001-08-10,23.695279617707186,-0.29589150522393237,33.927377146511866,-32.08960145625662
2001-08-11,23.786624965178447,-1.3563107266369887,32.6803931383471,-31.410496306650785
2001-08-12,23.388190314350503,-0.723033702748672,32.60171146583297,-31.92807602343728
2001-08-13,23.26929419142439,-0.8526076846795094,33.154464652814504,-31.097429363408846
2001-08-14,24.6252784202658,-2.0319452567305483,34.16364068839348,-31.31288881569328
2001-08-15,24.888434029923438,-1.8235578146840763,34.43135117229764,-31.188175874184918
2001-08-16,24.793379646212138,-2.084085344467421,35.86931436203946,-30.90732474720372
2001-08-17,25.781994341037993,-1.8326278982545587,36.20525106607294,-31.09402105215725
2001-08-18,25.586088727860307,-2.7321190956718184,37.47115836118196,-32.536443476940114
2001-08-19,24.51018778677621,-2.7060505577916096,38.05137299551772,-31.192449806988712
2001-08-20,23.39741797758736,-2.8927982853951395,38.59286788355458,-31.100621855984564
2001-08-21,23.389142283808532,-4.665044599541723,37.34489993980319,-31.71621030162906
2001-08-22,23.437947424535217,-4.565018066003707,37.94281773846389,-32.78084906460062
2001-08-23,22.713896576623338,-5.173441309439863,38.59867548693905,-33.29808877375396
2001-08-24,21.667180982608695,-5.179770441641501,37.31363005094906,-33.40661630770043
2001-08-25,20.566039428194244,-5.701595809974225,37.28752752842666,-34.162443639964245
2001-08-26,21.874394679134085,-4.9128056629945505,39.54175240692201,-35.50441286121121
2001-08-27,21.88278397503108,-4.180751915362373,38.67170328115568,-35.20218551594831
2001-08-28,20.954078055541675,-3.212614767765774,38.109398254406955,-33.60468832622676
2001-08-29,20.24033485872382,-2.224339890223792,38.47169422537586,-34.00040522708903
2001-08-30,18.602723946051086,-0.8376577707488118,39.9453437408382,-34.838498320550926
2001-08-31,18.886009567978427,1.4863748738949794,40.383728244259096,-36.00160284004524
2001-09-01,19.0157920711137,0.40406491766968644,39.81233798238742,-37.030029117975864
2001-09-02,19.610577184576755,0.35387482058434294,38.8767195702007,-36.32303852880559
2001-09-03,19.08545428929339,0.8786387775204231,39.248696869154145,-36.70162264216499
2001-09-04,19.733663805541482,0.5459771182715841,39.56723819137612,-37.35598558819854
2001-09-05,19.346598455524973,-2.911621807313191,42.00457173836237,-36.20189626216471
2001-09-06,18.68671061056258,-2.7350688324505605,44.13773694255792,-36.35846943711225
2001-09-07,19.58364561467267,-3.9094156233417543,42.290489072645336,-37.229499325762916
2001-09-08,18.952035996594603,-3.9991660172843093,41.29285863073107,-37.88239230778421
2001-09-09,19.93847392887255,-4.084934982140444,41.82512208097947,-37.77491136576597
2001-09-10,18.424975427253393,-1.6897407224796113,41.62290084258145,-38.58472883815523
2001-09-11,18.64821607865868,-2.064999136684424,41.139603040332084,-38.893104024115914
2001-09-12,19.815562602343757,-2.860873884225419,40.517988664978944,-37.51558781754076
2001-09-13,21.235648725447273,-2.0783109344907222,41.40166524662905,-38.44489555809227
2001-09-14,19.85193719359298,-1.1260448709188884,40.937905692807036,-38.708352484830016
2001-09-15,18.25114293579766,-1.1928864303866886,42.886438264082024,-38.056561486078024
2001-09-16,18.962729782091408,0.07309336119252063,42.66295399284284,-37.12111674026802
2001-09-17,18.22133168977031,0.4865390319489492,44.45292287870267,-37.84266448999304
2001-09-18,19.157688565232213,1.3326195960688523,45.211865955259945,-38.112356401672876
2001-09-19,18.27865813241895,1.9432186091383414,45.83976334020637,-38.44282202799574
2001-09-20,18.72564056783235,1.1078021139666092,46.552854962318456,-37.357457011619076
2001-09-21,18.642191537015687,2.4270910571821647,48.22521523190859,-38.68569859762927
2001-09-22,18.542754662418833,3.509108246152133,48.7119754845053,-37.60067481053571
2001-09-23,16.636294593859027,4.6665993838862505,47.40785812587926,-38.306287915000645
2001-09-24,16.189614198430785,4.666989543181953,49.30180560886768,-39.047687249693375
2001-09-25,15.553722712750218,2.0751555212193518,47.92432553843748,-39.174502279857194
2001-09-26,16.873435614512623,1.106509447340661,47.791257990806166,-39.149375053913786
2001-09-27,16.97747585911861,1.479760224617589,48.72375295721566,-38.852484288705604
2001-09-28,16.86178558625469,1.7158205737844943,48.84131661588896,-38.82474891794626
2001-09-29,17.021858560713785,1.317272904677253,49.093199122024224,-38.4204017807109
2001-09-30,18.000565907224985,2.278035888213739,49.76204383635888,-37.25176797952993
2001-10-01,17.495986931980834,1.6028659862227066,51.720371018530045,-37.63924752547774
2001-10-02,16.61750223299323,0.874438609669856,51.892016512565704,-37.813365775323454
2001-10-03,16.444029377613695,1.0549702318446723,52.22683399292472,-36.882934413817786
2001-10-04,16.903981225731897,1.8841242021471454,52.34214364701453,-38.089780568386246
2001-10-05,17.51257375687534,2.034521652869549,51.686491035584474,-38.251762367743616
2001-10-06,16.128375212497993,3.5539363149034493,50.729831212164974,-38.47385368058843
2001-10-07,18.1708281583998,3.035430797353421,51.16719910583587,-38.92530728551999
2001-10-08,18.11379788125148,4.085292071912122,50.6320353456709,-39.76031774110718
2001-10-09,17.986603369976716,3.6760200646024193,49.54420319039747,-38.559685072138485
2001-10-10,17.50279288461193,1.934480131011009,49.11721476818482,-38.33115634714632
2001-10-11,18.051853878961108,1.3482071300677907,48.31705346885,-38.27064499181562
2001-10-12,17.33433690127139,0.8216911134286279,48.409259517275586,-37.9415742275778
2001-10-13,18.637550637874273,0.9107930205419524,49.39588187949559,-36.86137468811458
2001-10-14,19.724762690562695,-0.10125759898380526,50.01982350840897,-38.705392525030526
2001-10-15,20.299342903265487,-0.4162511943609802,49.40216153327774,-38.36195273919674
2001-10-16,19.858959898350314,-0.19280556175946723,49.4382924179476,-39.55223274156747
2001-10-17,19.181391660671274,0.29146096799020377,48.161394592554444,-38.50453800341308
2001-10-18,20.171112750896896,1.2192447869950558,48.85198854670677,-39.08366869092357
2001-10-19,19.770026228752933,1.6213882885426978,50.860590497053465,-40.94951275273128
2001-10-20,20.35149265289623,2.186894762447418,50.70131771375066,-41.28776071071172
2001-10-21,20.694667569020474,3.2130003749852003,50.83276022926066,-41.19891643472726
2001-10-22,20.635303863516853,2.6732956469769276,49.786164820225,-40.14272650373231
2001-10-23,20.6804822938541,1.8213001046954158,50.16830402729135,-38.88132342895152
2001-10-24,20.02231497296222,0.48041785424514716,50.92776341428757,-38.35322118612037
2001-10-25,20.044601891247233,1.1303517989416298,49.2223463581956,-39.03387111294236
2001-10-26,22.71081280794906,-0.004232097430531656,47.16063426380154,-40.09324907993627
2001-10-27,21.46314017490112,0.8756348944257004,46.6810621696345,-40.01444341580141
2001-10-28,21.052431881134734,1.1414328048494014,46.967514819434406,-40.91387899566173
2001-10-29,22.172391373410484,0.9658505073099144,47.81680333600446,-42.783094292583954
2001-10-30,22.171906908741388,0.6223414582115746,48.79227908320318,-42.84838829506424
2001-10-31,20.523100850109866,-1.2054900017896437,48.04804929189637,-43.20827884293244
2001-11-01,19.007269294057853,-1.4244407703065092,48.439006445936236,-44.422887722095695
2001-11-02,17.865078974459678,-2.935730910446047,48.67885048236002,-44.073378350003566
2001-11-03,16.943418539254004,-2.8037643967166566,49.52806476431231,-44.96756757508738
2001-11-04,18.441910483359024,-2.5462408869285658,49.003385128491175,-44.67680844652876
2001-11-05,20.39953857777062,-3.2220818057285108,47.92677812896389,-43.69427668300303
2001-11-06,20.2018915395102,-0.6840013249915389,48.09969758293862,-45.10021180422417
2001-11-07,18.90447181236105,-1.577888653597539,48.00676327452823,-44.926172806697195
2001-11-08,19.016102050274352,-0.902596227204008,48.502816499314086,-46.7651800584552
2001-11-09,18.59325510500433,-1.7480588919175215,47.73635498045051,-49.15509826961894
2001-11-10,17.954142273515092,-1.6121719899589813,50.13211636314211,-49.89215880757038
2001-11-11,16.6076693955922,-2.3549003134903894,50.6885914062586,-50.7149610721427
2001-11-12,17.012945543951414,-2.847081170226606,50.42634117674213,-50.20604176918252
2001-11-13,17.188854852585713,-3.6154869394059563,52.00962894044706,-51.381534841048776
2001-11-14,17.050947586473974,-2.545073232713074,52.59960276663678,-52.47528812459908
2001-11-15,18.157650824437184,-2.367886893000347,53.03161015696257,-53.23233006080564
2001-11-16,17.170970854102727,-1.8463698230278025,53.61973808897029,-52.761176352451415
2001-11-17,16.46491367384763,-2.5007533420530796,53.826176078405936,-52.478052644677696
2001-11-18,16.43055150671268,-2.130075472693158,55.2287370077875,-52.93897425666008
2001-11-19,16.484768933512957,-2.4270772776979594,56.17159275679385,-53.43534419014884
2001-11-20,18.087810347088098,-1.9704697805753346,55.30815459521219,-53.288623899331625
2001-11-21,18.569003735659997,-0.6740573492691226,55.67657067999303,-53.80161309366635
2001-11-22,18.692509044683927,-1.4701887355875765,53.965948295769785,-52.487454391590035
2001-11-23,19.00651702897006,-2.1456531554777354,53.90280889301465,-53.47483122064988
2001-11-24,18.121703020818988,-1.362013748422231,53.81329892591474,-53.92874604703631
2001-11-25,19.386434253446723,-1.604833301906052,52.75849982740423,-55.13542193974305
2001-11-26,18.767547456604696,-2.5209485955345805,52.45272090946585,-55.542368969273745
2001-11-27,17.36430581243068,-0.76932140324446,52.81499576593768,-54.9840751591578
2001-11-28,18.398239061854074,-0.1964125474107481,52.182800996932464,-55.28148969577245
2001-11-29,19.564792136381943,-0.04572879970381724,51.856619618733085,-56.037461427278245
2001-11-30,18.039263859456295,1.2290066871401915,52.0014889633288,-57.06411471796218
2001-12-01,17.103793290108257,0.8098264554335469,52.57231773197461,-56.25980686263208
2001-12-02,16.900267722757082,1.3764477732834526,51.72931314687597,-54.03213389280319
2001-12-03,17.599874981422598,0.2216132260914594,51.0823384711022,-52.616430964875775
2001-12-04,19.30240766263635,0.6963498327271922,51.81863736584102,-53.50846033014164
2001-12-05,17.73167929600804,0.5267554809167141,51.465217424164905,-53.500202741387035
2001-12-06,18.18979077665341,0.4435931522551781,51.740133217389314,-53.27107276081381
2001-12-07,18.370060075606975,-0.18792835953646908,51.92609718664886,-54.716821354297956
2001-12-08,19.595979501000983,-1.0353549517524927,52.17320776013644,-54.19327907798966
2001-12-09,20.67731397614422,-1.6385233209263532,53.08999788676482,-53.757664112329934
2001-12-10,20.05707229057242,-2.803218879840796,52.68893548435483,-53.05013502987974
2001-12-11,19.575261904313763,-2.775611039841608,52.921042962251114,-54.99985520192816
2001-12-12,19.90952979908364,-4.1278157423638,52.35004149121968,-54.95097790752049
2001-12-13,19.36230494860572,-4.209635625915332,50.67639674380798,-55.26000909106425
2001-12-14,19.862591824259,-4.236767945333934,50.67834369035534,-55.686885448761345
2001-12-15,18.947675524168044,-3.982184736625064,50.4172233629303,-54.0489062041435
2001-12-16,19.997274745837377,-4.3467380855522695,52.10991137793138,-52.119453558174385
2001-12-17,20.377145516691982,-4.181038664406088,53.678323059359926,-53.95355985200061
2001-12-18,21.788757598101732,-3.872207461660921,54.795133133805216,-53.73319020254248
2001-12-19,21.51650633545936,-5.778857510792606,54.096863655525745,-56.13839065631352
2001-12-20,22.435166855945088,-5.52865864766043,52.867485463746064,-55.54914777185298
2001-12-21,23.241715751422845,-4.643438266936247,54.2893632099651,-56.686829606097675
2001-12-22,23.399237723908495,-3.847036033220236,54.00850824091722,-57.12089964648883
2001-12-23,22.795232390692256,-2.179952798645998,51.66112533621765,-57.462131744421036
2001-12-24,22.950409144940725,-1.6551825757611427,51.12611757963959,-58.001350501078356
2001-12-25,23.239092454299513,-1.7455289832205012,52.71039937410623,-57.27804214808256
2001-12-26,24.697751216957553,-1.6981624515133993,52.9989061898544,-57.39689932765061
2001-12-27,26.257832697281778,-1.7799532923850694,51.872084103531364,-57.58576587465092
2001-12-28,27.25171894237054,-2.3382577121418393,51.56713908968096,-57.39875616851147
2001-12-29,28.73112721149917,-3.8449485712267775,51.39119696246545,-58.2133968835247
2001-12-30,27.443335178173573,-5.652746296049863,50.475392624188025,-59.95655583720011
2001-12-31,28.182111086186985,-5.407152199409295,48.95295648605074,-59.56446441395225
2002-01-01,27.84377254441055,-3.940922181206186,49.323226300142494,-58.26685298467049
2002-01-02,29.24063057397974,-3.6674594224321475,50.557646604143706,-59.751306606207784
2002-01-03,28.78012187721874,-3.2726001734336903,50.361700583498845,-60.80296490448618
2002-01-04,31.029980710869975,-2.763615188819129,48.537839318069565,-61.731641443040786
2002-01-05,29.29347467416698,-4.0397665259150255,49.00789127567736,-62.96478561465638
2002-01-06,29.112197422584067,-2.9130569981894814,50.00725251638642,-62.654777878854034
2002-01-07,29.45897410960038,-3.896843090542832,49.22079057356298,-63.93088401889371
2002-01-08,29.132417394831563,-3.2371826754403457,49.975907314831,-65.20431087046262
2002-01-09,29.55844112909309,-2.1878455414130777,50.13459161408982,-66.15197928870622
2002-01-10,31.068812366043236,-1.6437739159238012,49.57651810766574,-65.60179272699258
2002-01-11,29.962352053505292,-1.2610904310303959,48.07072304108642,-64.53928769838073
2002-01-12,30.799395139606133,-1.7324271930404729,49.6990434581714,-63.50772378168168
2002-01-13,31.929101132848444,-2.4373012718725677,50.551779781874195,-62.83296111548179
2002-01-14,32.252879372076634,-1.7615054684568636,49.86289876273902,-61.467622931057726
2002-01-15,32.808548495032355,-1.5231614800370308,46.517005820642844,-61.7342685904089
2002-01-16,34.17893201568418,-2.0194489205842565,47.96824181417926,-61.238880248104394
2002-01-17,36.57884338444057,-1.4798561334631697,47.47488657316437,-62.599527601261734
2002-01-18,36.60689322598463,-1.1461389441229084,46.31051731056777,-61.15526639621465
2002-01-19,35.95031006881083,-1.7580465023204295,46.03820390402331,-60.78573036365045
2002-01-20,35.78900942388787,-2.4115020275821166,47.40530539347199,-60.5682069877339
2002-01-21,36.547473036358056,0.446639584803731,46.42507174862842,-61.313026847573475
2002-01-22,36.699555997987275,-0.35636488801800226,47.471529408875206,-61.611815315373505
2002-01-23,37.41208274288631,-0.4868777867097025,46.657874773009524,-63.08683648064501
2002-01-24,37.000353384080114,-0.4041462931431023,47.107801847797894,-61.4863299958651
2002-01-25,38.69962516437516,-0.9770781043223218,47.14881667201214,-60.62685013141521
2002-01-26,39.24833736806379,-0.18108046801726307,47.12204462511822,-61.42819220196318
2002-01-27,38.842671958333455,0.17943763409914165,46.93594093214328,-60.999331356010465
2002-01-28,39.42744823610063,-0.5205024733882042,45.978985618817134,-58.555640188684926
2002-01-29,39.43779534200167,-0.09742931321499898,46.800040345858896,-58.171101362404364
2002-01-30,38.08070581116094,-0.41684865093127865,45.64293841271136,-56.362881973575256
2002-01-31,37.67365088766545,-0.49528524408749,46.061283053540144,-57.844122376792036
2002-02-01,36.67346546805952,-2.6183084444410563,45.79893357415633,-58.569705359796956
2002-02-02,36.564539837057055,-1.8867883825417113,44.988568096795916,-57.72666083207434
2002-02-03,37.29110971880037,-2.9439504928827698,45.784471470304744,-56.57697103132893
2002-02-04,38.38144179660743,-2.647506632093478,44.53003936087611,-59.085823311526596
2002-02-05,39.93547273144742,-4.002014596518243,43.536651094423384,-57.77045654082636
2002-02-06,39.28582545474643,-4.203986988049078,42.871423166914305,-60.306073753808136
2002-02-07,39.4475227511173,-5.442040166627486,41.7176586767604,-59.10735345720778
2002-02-08,40.26847250876388,-5.438023260305515,42.68252725133037,-57.966158381012164
2002-02-09,39.45837286249376,-5.563106686395121,41.279174844068365,-57.654501104060714
2002-02-10,38.79641304581824,-6.088437117405595,39.78052581024869,-57.39515252233108
2002-02-11,37.83873943119752,-4.184114908331413,38.87788425832425,-57.09875532559322
2002-02-12,39.000421283459254,-3.8153318481966285,38.34154694806376,-58.62997524884567
2002-02-13,38.578799638391196,-4.099195134219493,38.74694055278777,-58.232655498833
2002-02-14,39.152027241027845,-5.484345472535971,39.2664148613286,-57.54417528820903
2002-02-15,38.53145954363047,-6.909498971333587,37.940807706170176,-56.94722389513173
2002-02-16,40.590807295210624,-8.049892312046966,36.92270888973109,-58.976721590268006
2002-02-17,42.02326375680456,-7.108857489345395,36.922354827267334,-60.04971472986357
2002-02-18,42.971367220170876,-8.097126470386154,37.54177961215166,-58.90674339792807
2002-02-19,43.048130279523996,-8.292825365468468,38.68200548245905,-58.772388984897084
2002-02-20,42.6263004520031,-7.777255072761815,37.22792127015822,-58.92332878990455
2002-02-21,44.330722458889866,-8.019137879449143,38.07957614776365,-56.89360567835607
2002-02-22,44.02930250468276,-7.540914093445458,36.5104548125122,-56.876451476841325
2002-02-23,43.78469582740734,-8.169687728296735,36.30523635007176,-55.442121865822216
2002-02-24,42.35600746835139,-7.372204723068931,37.680557322437366,-54.75574456178301
2002-02-25,40.29333051377988,-9.895796065501768,38.121760490782094,-53.77446224555556
2002-02-26,40.35404442043551,-10.293735044364944,39.90514184176545,-51.76563313088946
2002-02-27,40.78394887526249,-9.949028527146456,39.660316316975596,-50.91300760981467
2002-02-28,39.94793504809346,-10.122901978656069,38.81842852816175,-50.74426144176696
2002-03-01,40.292815184203086,-9.879132148445812,40.69730558326123,-51.89166220145921
2002-03-02,40.048982899059084,-10.941538263968342,40.855457110486185,-50.361074902000205
2002-03-03,39.005460815969926,-12.22033125363313,41.568705422779225,-51.91446553286923
2002-03-04,38.41834335709525,-12.901516580569263,41.73293789699956,-51.71881947769419
2002-03-05,38.93699626509308,-13.80736382439376,42.442391915536795,-53.018232173008585
2002-03-06,39.94038188321531,-13.876037453248092,42.49042994310731,-53.605315228478055
2002-03-07,38.64350306183985,-14.763668159556618,42.38855535735095,-53.36318932784103
2002-03-08,37.63719502203389,-15.10476328725282,43.18408973649603,-54.369979385191776
2002-03-09,38.898919116060654,-15.38991880565818,44.07373269927927,-53.32490907299489
2002-03-10,37.57017456924817,-15.073330526537081,45.677286551779446,-53.2963084801508
2002-03-11,36.37478763312869,-17.21899741009111,45.86618731617017,-53.65761048863734
2002-03-12,35.628078607436,-17.65747450185673,44.31626447791147,-53.37524293404818
2002-03-13,35.052121809371215,-17.852525115352677,45.571285841256596,-52.675369700637326
2002-03-14,34.38637228719454,-18.443515861246944,45.19012958570988,-51.60083587554389
2002-03-15,34.82718273185397,-18.970639520271874,44.285502894240466,-53.16170487313937
2002-03-16,34.499681464889036,-17.85572756188917,45.89468203653966,-52.71399280396191
2002-03-17,34.86622203584293,-16.95693498071437,47.45419745045659,-52.26476578375789
2002-03-18,36.0166171145564,-16.051594740320162,46.159482471058105,-50.74109682167505
2002-03-19,35.76633002394442,-16.53859613455913,47.82451824467623,-52.82020512066898
2002-03-20,36.75398136332174,-17.24038182407238,48.9224470724458,-53.00609641799358
2002-03-21,36.07165602872884,-16.317630174856937,50.18893405735351,-53.81865949811601
2002-03-22,36.173938076381575,-16.737438741333715,49.985535843761625,-53.89015363505273
2002-03-23,35.585902223688,-15.78069233944901,50.761580856455616,-54.43461217887517
2002-03-24,35.666746865111136,-16.845494142229587,50.09714492744116,-55.67845978595471
2002-03-25,36.47094749342107,-14.999748833648944,52.913018019471785,-56.52638267458891
2002-03-26,36.76686215572891,-14.910801390078289,53.24269987837327,-56.91511825832147
2002-03-27,35.85408874199938,-14.498259650886359,54.9873085218202,-55.04091403217931
2002-03-28,37.37552529170931,-14.294181469488613,54.817420408694936,-55.75420395600199
2002-03-29,37.31113717253326,-15.031864499922616,55.69604156520142,-54.580719416537185
2002-03-30,36.383377115475376,-15.589990855791026,56.28993582165898,-53.40189075492353
2002-03-31,36.92731153541047,-15.124453800077873,54.97281665428145,-52.6080833383881
2002-04-01,35.55381832066444,-15.080169790382289,53.767872370640404,-52.92611627729386
2002-04-02,35.79056698367269,-13.73785671522226,55.243576249706166,-53.48318314613689
2002-04-03,35.67927645288284,-13.824179906442902,54.95195477008569,-51.78444005178954
2002-04-04,35.10057731011508,-13.838819589612818,55.990546332504,-51.19937698127072
2002-04-05,34.88661362522728,-14.63775116734323,56.41689396691007,-51.35845455109264
2002-04-06,35.06293542826374,-14.595715437942093,57.65491855477381,-50.63691220989302
2002-04-07,34.76839893773941,-15.615701513037543,57.37183459649108,-50.52893621257928
2002-04-08,34.85684013031583,-14.954982768267012,56.28894217566267,-49.762763279558186
2002-04-09,34.867567830502225,-15.307965231879674,55.35658814169863,-50.47877654307872
2002-04-10,34.90496376188352,-14.777906634370437,54.22980355797165,-51.41202267988132
2002-04-11,35.84977893985591,-13.556028830988462,53.38907591855215,-50.22350740878578
2002-04-12,33.549909631841324,-14.364593680566532,54.0917796038885,-49.785213302037164
2002-04-13,35.162920689032056,-14.187617395340506,53.35623604578778,-50.081341956162085
2002-04-14,32.66436069102545,-12.847488224365144,53.04642569492705,-51.17487991478859
2002-04-15,31.599280547532338,-12.109034927233935,53.4824603682132,-50.30836708919259
2002-04-16,31.81189567382322,-11.759559176605153,54.14350660768673,-51.34148618704091
2002-04-17,31.884005510544362,-13.65068042064447,54.69684750899604,-49.27973514419943
2002-04-18,31.167061184035326,-12.698608797751163,55.06713028549627,-47.29988378837954
2002-04-19,30.17014887849811,-12.347131494077372,54.34453933970786,-46.972284078094354
2002-04-20,29.106886144949303,-12.630449555982485,54.33804411557627,-47.09114678802968
2002-04-21,28.666983937685824,-13.823820028863572,52.476699954579146,-47.09278830214008
2002-04-22,26.316625406808264,-13.109490867227384,51.32373082962654,-47.19660728308394
2002-04-23,26.333418454714234,-12.51970927401113,50.84457615537775,-45.851328714112114
2002-04-24,26.682932770831695,-11.850982986761258,51.73187937352654,-46.38187470119764
2002-04-25,25.772360603277225,-10.883080785373693,52.274708411425344,-47.37034191544141
2002-04-26,24.70350163711685,-11.914358781990355,53.250822568147036,-46.29208145465925
2002-04-27,26.026666023219715,-11.630368060251774,52.45211109912912,-46.57246663446738
2002-04-28,26.805366671707155,-11.184218005098947,51.9621185368776,-46.46522178843073
2002-04-29,26.33861563220634,-12.990306713687616,51.52985670749878,-46.64153391296027
2002-04-30,26.735500698944687,-11.620124965603198,50.887517658751804,-46.825456319483706
2002-05-01,27.40815771006459,-9.668691268128791,49.64057178106876,-47.41154596806525
2002-05-02,26.982468424958,-11.464941098802107,48.19021097201242,-46.867840575549074
2002-05-03,26.63615300722618,-10.980041637934935,48.211095608180855,-46.25772612424662
2002-05-04,27.07622038650126,-10.323206497457985,48.37525407367397,-47.20903520909932
2002-05-05,28.11699764545605,-12.161461470273121,46.70742036088,-46.70726670531988
2002-05-06,28.12692025061341,-12.903704749211643,47.47519637448027,-48.13087600188661
2002-05-07,27.95303256831105,-12.275946185101565,47.28238396847084,-48.42435135244543
2002-05-08,28.722088778269697,-13.484537602567103,47.44911114020938,-49.16664081750861
2002-05-09,29.318556111189057,-14.38699596249412,46.15927440795153,-47.950820736884076
2002-05-10,29.78733334721814,-13.359258552984056,46.045868607752325,-49.463120688629566
2002-05-11,30.403040870210273,-12.817149457019113,43.72884286853429,-49.54869213688437
2002-05-12,31.021100581971236,-12.36538691761087,43.51937943547937,-49.80939053049353
2002-05-13,31.87102766457622,-10.748217266952599,43.93297798036427,-50.01636172347118
2002-05-14,33.563949220234235,-10.902951580952491,43.408438067559246,-50.354019961940956
2002-05-15,33.304207355227085,-10.034157254377924,44.929522364299864,-51.45398277326205
2002-05-16,33.28253634202563,-11.9426599960141,44.03912493727945,-51.153564243542824
2002-05-17,33.2453605278399,-11.585659903048569,44.3095551402784,-52.1358695818587
2002-05-18,33.709676402906425,-11.294078189705338,44.975299513462154,-52.260540645623465
2002-05-19,32.344337317436526,-11.082923901122284,43.76960817213161,-52.926522410031644
2002-05-20,30.726792710575577,-10.538131741791673,44.43895505871744,-52.875880353191945
2002-05-21,29.12304045856991,-9.088363326918914,44.70969747491306,-52.54702918095556
2002-05-22,30.191014016557958,-10.12464088623486,44.410350051722745,-53.052098128723046
2002-05-23,29.01693895720723,-9.85367686996458,44.43466881356801,-52.688061763764914
2002-05-24,28.155136995203122,-8.963733095523496,43.61361937991759,-51.75038819258459
2002-05-25,28.07718837255033,-9.072109410992235,44.85390138669885,-53.479922636214766
2002-05-26,26.469806643421798,-9.118931793635298,44.72762599650138,-53.18969229400876
2002-05-27,27.388888588643415,-9.008696171651122,45.55661555593251,-53.25590518237985
2002-05-28,27.57668484071699,-8.24475027487256,45.981706331608216,-52.96833833525987
2002-05-29,29.076713256311,-9.08420272660712,45.38784653860682,-53.32843361334768
2002-05-30,30.075420092850383,-9.504050857268087,44.41572018540794,-54.36464191500652
2002-05-31,30.338045346536187,-11.481328148058958,45.143000641162885,-53.54535961362509
2002-06-01,28.304922403840287,-11.771506049865817,45.65468115578739,-53.93811588971418
2002-06-02,29.267519661082755,-13.07835255842345,45.10789307303706,-53.34642478786675
2002-06-03,30.932438755775873,-12.49296496298212,45.144451713154204,-52.81805721140312
2002-06-04,30.246639172964187,-12.840033907377133,44.08486268759541,-53.040234821099425
2002-06-05,28.543461410705476,-13.441873191337368,44.41989635741004,-51.69269850946898
2002-06-06,29.048119064097325,-14.167843001323407,43.931551720604695,-50.969528375635214
2002-06-07,27.575294807082187,-14.10189588140027,42.78813421361083,-49.561124968939644
2002-06-08,28.72798523595044,-15.509428188462842,43.56654847790866,-49.81319856725101
2002-06-09,30.425649131703857,-15.836751997860535,42.82446761905572,-50.074098356098155
2002-06-10,30.175710749059736,-16.102654840315274,42.79468380883725,-49.76310564387422
2002-06-11,30.314114340191015,-17.351288013834285,45.0285392869696,-50.657561761314916
2002-06-12,29.02821298670152,-17.13055661554353,45.816987626925254,-50.89480517203408
2002-06-13,29.27515137348993,-17.856645886998685,47.176855004561006,-49.18520987042507
2002-06-14,30.333877959164965,-17.500187349983648,48.1960653957238,-48.999272727106984
2002-06-15,30.189294172372573,-16.910151815652924,47.199893236131366,-48.555507998891606
2002-06-16,31.33434237218948,-17.31288449827211,46.4464936220949,-48.62188981569253
2002-06-17,30.755301022327764,-16.480760544356578,45.45562118534252,-47.338261136724945
2002-06-18,30.217800856135653,-16.091082488067077,44.8194568798846,-46.331692658125185
2002-06-19,29.13012105006446,-16.97879931321961,45.53290447848878,-48.423792502735814
2002-06-20,28.797995128882455,-16.22550105621099,45.65338165761479,-48.58293301108068
2002-06-21,28.083701071290147,-17.13475713912358,44.428562481561805,-48.94528023885057
2002-06-22,27.228634849373755,-18.245814654744372,43.598995222297916,-49.04958671585356
2002-06-23,27.77262302201372,-18.154492022029252,44.0336246197871,-50.08570425259358
2002-06-24,27.14047690992231,-18.699318296195745,44.28030310696293,-49.82674225780573
2002-06-25,27.679749939734144,-17.91132902548477,44.65351872739743,-50.48508210240615
2002-06-26,26.554456229428492,-19.13020461463602,43.586989850259656,-50.20977389171338
2002-06-27,27.150428719595084,-19.603634875380433,43.26205355211009,-50.62778225337024
2002-06-28,25.94267589037716,-18.93510026322119,43.95305266685719,-51.81147914125443
2002-06-29,26.171986287865376,-21.389623222818127,44.776257547134996,-52.42471188349505
2002-06-30,26.892378803002554,-21.293330122278356,46.43321169722352,-51.54389099626096
2002-07-01,26.477737571555927,-20.189855320937433,46.974712177559596,-52.25716618015493
2002-07-02,27.791140600256398,-21.60970643633408,46.144745053855914,-51.19362521165174
2002-07-03,27.47772263319752,-21.813738579985724,45.80428187111003,-51.124065925003435
2002-07-04,26.178081822075463,-22.151678277126592,44.21953278490679,-51.91150325098034
2002-07-05,25.838195874195602,-22.139536530006158,45.30942356242473,-50.466711748542096
2002-07-06,25.20365145275937,-21.72825557367668,45.15016044708733,-50.22176188033742
2002-07-07,24.664380838794116,-23.18433738796681,44.84544543192471,-50.77210872888128
2002-07-08,26.402645066561867,-23.65539391073419,44.594829134072306,-50.2552064066107
2002-07-09,24.010603712331275,-22.21577335899958,45.61761198507546,-52.27093915306148
2002-07-10,26.080912840969646,-22.89925143345108,46.59503042291998,-53.019324728227865
2002-07-11,25.489357357861262,-22.58349703382768,46.33168799441883,-53.21466329815907
2002-07-12,25.80391459595155,-22.98644507415886,47.415331411857146,-52.552264657786466
2002-07-13,24.366722545463723,-23.650344771949108,47.527811871069765,-50.96251912710277
2002-07-14,24.952712065958114,-22.55893439133563,46.9051591107425,-51.05078964671117
2002-07-15,25.4377005601549,-22.052779177920844,45.91196868382974,-52.67056072948353
2002-07-16,26.0794041965639,-23.69244425011234,47.44587219165751,-53.73891085140137
2002-07-17,27.37976917529935,-23.62375269051432,48.36855918861957,-52.70487816478679
2002-07-18,28.95564413898131,-23.65864360601096,48.25368125157056,-52.701083765913076
2002-07-19,28.05074213882684,-24.477823857161688,48.82795667740634,-55.398319896070845
2002-07-20,29.36020079622711,-24.686477916976468,49.08941598130129,-55.71202580189304
2002-07-21,30.519964992031895,-23.502022816909044,48.83257266150213,-55.536716403807205
2002-07-22,30.72817534113919,-24.06974265856899,50.27425808659018,-55.40544317517724
2002-07-23,29.674604206185332,-22.973376674486964,50.92487319286642,-55.45506963343248
2002-07-24,30.42539358710515,-21.79894880530817,48.828510392336945,-57.508202838980374
2002-07-25,29.392589319268644,-24.063036101209278,49.75895317767461,-58.35001083796717
2002-07-26,30.75691787494319,-23.653000823212427,51.30622227259357,-58.05880249224607
2002-07-27,30.596204912969046,-23.8033232900598,52.5295954394593,-58.0759273716325
2002-07-28,31.257892384770773,-24.40539923637168,52.386106069011966,-58.76870611573903
2002-07-29,31.132412685653193,-24.383804984748117,52.18795319821935,-60.62052538082223
2002-07-30,31.586187531803674,-23.935642241795517,50.67168112599938,-61.39164411947722
2002-07-31,32.18894805205367,-23.44497136937042,51.11297806016488,-62.5113501115078
2002-08-01,31.69387549476105,-23.063406106060334,49.99652886881444,-62.0398302943418
2002-08-02,31.6011253128456,-22.212867863877694,48.903042255318454,-62.759591221980585
2002-08-03,31.96204615775983,-22.494457420185583,49.91843851852191,-62.87379349585795
2002-08-04,32.93223809060023,-21.23257593897854,49.20152119939471,-62.84030284815095
2002-08-05,33.51381799081345,-20.977878249459334,48.52328608013004,-63.43673563195143
2002-08-06,32.51952756249942,-22.160347823425735,50.20701163243526,-63.21133175276747
2002-08-07,32.06806689360583,-21.072828863531555,51.16512207847931,-63.34378243137041
2002-08-08,31.827929659957093,-20.47822943132349,52.21466940245543,-63.88462755679131
2002-08-09,30.71486570401483,-20.064968567323813,52.911793304463885,-65.48413341617491
2002-08-10,28.609149125308093,-18.13904830506805,52.95325175023978,-65.71332586442999
2002-08-11,28.265722740940088,-17.658367191052758,53.300662783574865,-65.56975439581281
2002-08-12,28.933002707421814,-16.83171515514069,53.24535250640327,-65.24514055895311
2002-08-13,28.46518621679216,-14.24752637490967,52.8584640078604,-66.52665059914887
2002-08-14,27.67794581199577,-13.485177837317764,53.91456213284275,-66.40025219990848
2002-08-15,28.570705163990848,-12.336770194359541,55.88847075109949,-67.42472713937678
2002-08-16,29.641448306796597,-12.093332639994147,55.96413018600659,-66.17554765806258
2002-08-17,29.171357249269782,-12.863532810204664,57.54842237787264,-65.86528838437421
2002-08-18,29.615832753949622,-13.8385861432933,56.945853609909186,-66.32034918213907
2002-08-19,29.43298214310995,-14.686377730129982,56.48775853804526,-66.07080562827116
2002-08-20,29.59366562792645,-14.20712964890119,57.32434063233535,-65.36319852151955
2002-08-21,30.743548744373623,-14.704233342107724,57.272666962179024,-64.88910389527857
2002-08-22,30.752473586666074,-15.33816070997755,56.695221297586755,-65.16285924907483
2002-08-23,30.28102870860122,-14.548449044711136,56.31546842945743,-67.09533982992251
2002-08-24,30.81551960894749,-15.512510401023553,56.28840265312533,-68.1982660972411
2002-08-25,31.152131979835705,-14.84563286380033,56.61323923163797,-69.07749135648243
2002-08-26,33.16172919794029,-15.276023767843201,56.67494514351384,-69.4380301182086
2002-08-27,34.320625671971776,-16.538819531578422,56.75039472908483,-67.56284288361911
2002-08-28,34.552563799233546,-17.89276072616112,56.83096314289597,-68.05713566369023
2002-08-29,35.83044314809743,-18.365984346946664,57.46171441561389,-68.43781571047367
2002-08-30,36.20327121762038,-17.121717980956912,57.14350186846816,-67.06308587694227
2002-08-31,35.90081063532483,-16.01373468826937,58.50878945911095,-67.6497509894437
2002-09-01,35.67375659793694,-16.77691068203967,57.714671379927815,-68.80118951442037
2002-09-02,37.299835742389995,-18.808755845135174,57.195673756139094,-70.44129832239018
2002-09-03,36.90936266154006,-18.830133044896307,57.558349236884,-70.21453040286163
2002-09-04,37.49094022355986,-18.060969708772415,55.67711992464721,-69.98560598286687
2002-09-05,37.81041026034994,-15.332904525904897,55.03042078649712,-69.28269329531885
2002-09-06,38.27453652461692,-14.79480821903742,55.7557974464827,-69.1810741752771
2002-09-07,36.11826514100871,-14.461364163328934,55.130690586749814,-68.32929069544774
2002-09-08,35.31320442726406,-15.454318428185568,55.25578758767347,-67.63240606027105
2002-09-09,33.81679757049693,-15.032755598301643,54.23873868715229,-65.42814590384565
2002-09-10,33.7585634895372,-13.926934372168061,53.71444846331399,-66.55146885710182
2002-09-11,34.52640865507842,-16.448455806803743,51.299735030451885,-66.66136397926523
2002-09-12,32.41313349921822,-16.44284051170872,50.90117932960627,-66.86966904291135
2002-09-13,32.322188577274474,-16.326008659280376,52.06563808916084,-66.16062897325924
2002-09-14,31.798114437836837,-14.373107267093049,50.79545073341773,-65.16358037838054
2002-09-15,31.17843991493402,-16.26849738944702,51.55306453382241,-65.86810189250957
2002-09-16,32.25607194867548,-15.752004315071305,51.79109014882316,-65.07064624830906
2002-09-17,32.75103002381745,-15.832792056348245,52.803929124454264,-65.04481447420038
2002-09-18,33.09911673469129,-15.262271624840391,52.480545241038016,-65.76617068758945
2002-09-19,33.58308999823549,-18.533719319907444,54.144803067493484,-66.45164112929581
2002-09-20,33.217082742221486,-17.96609905566043,55.722379560926306,-68.21522538005345
2002-09-21,33.10800290642059,-17.667812875938182,54.25401636762293,-68.14258326232412
2002-09-22,34.536609118154175,-20.281248887248772,54.59726502864356,-68.72721566832683
2002-09-23,33.780970822411106,-20.01076969987924,55.16016797712577,-69.29106777014505
2002-09-24,33.74408814434298,-19.011283103740016,56.88743141841822,-70.90000510624844
2002-09-25,33.32819992247731,-18.44573151708461,55.42992833742389,-73.46423252192862
2002-09-26,32.69409767666991,-19.40874570358128,55.65498674407559,-74.00051030317726
